Season,RK,PLAYER,TEAM,GP,MPG,TS,AST,TO,USG,ORR,DRR,REBR,PER,VA,EWA
2015,1,Sim Bhullar,SAC,3,1,0.5,33.3,0,30.6,0,36.5,18.9,44.4,0,0
2015,2,Eric Moreland,SAC,3,0.7,1,0,0,19.7,0,54.8,28.4,40.93,0.9,0
2015,3,Tyrus Thomas,MEM,2,3.5,1.064,34.7,0,12.9,0,0,0,31.48,0,0
2015,4,Anthony Davis,NO,68,36.1,0.591,9.1,5.8,25.9,8,24.1,16.1,30.89,710.6,23.7
2015,5,Russell Westbrook,OKC,67,34.4,0.536,21.9,11.2,38.2,5.9,16.7,11.4,29.12,622.6,20.8
2015,6,Stephen Curry,GS,80,32.7,0.638,26.3,10.6,28.5,2.4,11.4,7,28.06,665.2,22.2
2015,7,Kevin Durant,OKC,27,33.8,0.633,15.1,10.2,28,1.9,18.7,10.4,27.65,233.7,7.8
2015,8,James Harden,HOU,81,36.8,0.605,20.8,11.8,30.5,2.8,14.2,8.5,26.76,723.4,24.1
2015,9,Hassan Whiteside,MIA,48,23.8,0.619,1.2,11.2,18.7,15.6,34.7,25.4,26.26,266.9,8.9
2015,10,Chris Paul,LAC,82,34.8,0.596,35.8,8.1,24.8,2.1,12.5,7.4,26.04,641.3,21.4
2015,11,LeBron James,CLE,69,36.1,0.577,22.3,11.9,31.8,2.4,16.6,9.6,26.01,577.3,19.2
2015,12,DeMarcus Cousins,SAC,59,34.1,0.545,11.9,14.4,31.8,10.8,30.6,21.1,25.29,441.2,14.7
2015,13,Blake Griffin,LAC,67,35.2,0.551,19.3,8.3,27,6.1,17.9,12.1,22.86,399.5,13.3
2015,14,LaMarcus Aldridge,POR,71,35.4,0.528,6.8,6.7,27.6,7.7,22.9,15.5,22.85,425.4,14.2
2015,15,Arinze Onuaku,MIN,6,11.3,0.771,17,8.5,12.2,11.4,24.3,17.7,22.82,12.2,0.4
2015,16,Brook Lopez,BKN,72,29.2,0.558,4,8.2,23.7,11.5,17.1,14.3,22.76,381.2,12.7
2015,17,Pau Gasol,CHI,78,34.4,0.55,12.5,9.4,23.2,9.2,27.6,18.6,22.73,449.2,15
2015,18,Tim Duncan,SA,77,28.9,0.56,17.5,9.9,21,8.8,26.7,17.9,22.69,371.9,12.4
2015,19,Kawhi Leonard,SA,64,31.8,0.567,13.5,8.1,21.4,4.8,20.6,12.9,22.09,351.8,11.7
2015,20,Derrick Favors,UTAH,74,30.8,0.558,8.6,9.3,22.3,10,20.7,15.4,21.86,352.4,11.7
2015,21,Marc Gasol,MEM,81,33.2,0.558,17.6,10.1,23.5,4.9,21.8,13.4,21.73,446.4,14.9
2015,22,Nikola Vucevic,ORL,74,34.2,0.548,9.2,9.3,23.8,10.4,26,18.1,21.62,416,13.9
2015,23,Rudy Gobert,UTAH,82,26.3,0.627,14.2,14.5,13.4,14.3,27.2,20.7,21.6,354.2,11.8
2015,24,Carmelo Anthony,NY,40,35.7,0.531,10.9,7.9,29.9,5.7,16,10.7,21.58,236.1,7.9
2015,25,Kyrie Irving,CLE,75,36.4,0.583,19.7,9.4,25.5,2.3,7.5,5,21.57,430.8,14.4
2015,26,George Hill,IND,43,29.5,0.579,24.8,7.8,23.6,2.2,13.3,7.8,21.52,199,6.6
2015,27,Andre Drummond,DET,82,30.5,0.504,4.2,9.3,20.4,18.3,30.1,24,21.5,406.9,13.6
2015,28,Dwyane Wade,MIA,62,31.8,0.534,17,11.9,32.6,3.6,9.6,6.7,21.44,321.8,10.7
2015,29,Al Horford,ATL,76,30.5,0.563,17.8,7.3,20.9,6.7,19.8,13.4,21.43,374.8,12.5
2015,30,Jimmy Butler,CHI,65,38.7,0.583,14.9,6.5,20.6,5.1,11.2,8.2,21.32,405.8,13.5
2015,31,Greg Monroe,DET,69,31,0.549,11,11.5,22.7,11.2,25.1,17.9,21.26,311.4,10.4
2015,32,DeAndre Jordan,LAC,82,34.4,0.638,6.7,12,12.3,16.2,32.4,24.5,21.05,440,14.7
2015,33,Klay Thompson,GS,77,31.9,0.591,12.5,8.4,25.5,1.2,9.4,5.4,20.86,379.5,12.6
2015,34,Damian Lillard,POR,82,35.7,0.56,22.4,9.8,26.3,1.8,11.8,6.9,20.79,427.6,14.3
2015,35,Jeff Teague,ATL,73,30.5,0.566,29.4,11.7,25.2,1.6,7.7,4.7,20.64,320.5,10.7
2015,36,Isaiah Thomas,BOS,67,25.8,0.58,20.6,10.4,31.3,2.1,7.7,4.9,20.63,248.1,8.3
2015,36,Isaiah Thomas,PHX,67,25.8,0.58,20.6,10.4,31.3,2.1,7.7,4.9,20.63,248.1,8.3
2015,37,Jonas Valanciunas,TOR,80,26.2,0.623,4.2,11.8,17.3,11.8,26.3,19.1,20.6,312.9,10.4
2015,38,Jeremy Evans,UTAH,38,7,0.636,14.6,5.6,12.5,11.4,19.4,15.4,20.58,40,1.3
2015,39,Brandan Wright,BOS,75,19.3,0.66,8.4,7,13.9,0,0,0,20.44,193.3,6.4
2015,39,Brandan Wright,DAL,75,19.3,0.66,8.4,7,13.9,0,0,0,20.44,193.3,6.4
2015,39,Brandan Wright,PHX,75,19.3,0.66,8.4,7,13.9,0,0,0,20.44,193.3,6.4
2015,40,Amar'e Stoudemire,DAL,59,21.1,0.595,6.5,11.2,23.2,9.8,20.4,15,20.4,182.2,6.1
2015,40,Amar'e Stoudemire,NY,59,21.1,0.595,6.5,11.2,23.2,9.8,20.4,15,20.4,182.2,6.1
2015,41,Enes Kanter,OKC,75,28.5,0.564,4.5,11.8,22.2,14.7,20.5,17.6,20.36,310.9,10.4
2015,41,Enes Kanter,UTAH,75,28.5,0.564,4.5,11.8,22.2,14.7,20.5,17.6,20.36,310.9,10.4
2015,42,Gordon Hayward,UTAH,76,34.4,0.567,17.3,11.4,25.4,2.4,14,8.2,20.24,380.6,12.7
2015,43,Tyson Chandler,DAL,75,30.5,0.697,11.3,14.1,11.9,14.1,27.4,20.7,20.12,324.7,10.8
2015,44,Paul Millsap,ATL,73,32.7,0.565,15.2,11.3,22.1,6.9,20,13.6,20.1,306.8,10.2
2015,45,Shayne Whittington,IND,20,5.4,0.547,9.5,7.9,22.1,10.3,19.3,14.8,20.01,13.7,0.5
2015,,Alexis Ajinca,NO,68,14.1,0.595,9.6,14.1,19.6,12.4,25,18.7,20.01,134.4,4.5
2015,47,Ed Davis,LAL,79,23.3,0.594,13.3,8.2,13.9,13.3,23.1,18,20,233.5,7.8
2015,48,Shabazz Muhammad,MIN,38,22.8,0.556,8.2,6.5,23.4,8.1,12.4,10.2,19.99,122.6,4.1
2015,49,John Wall,WSH,79,35.9,0.523,32.7,12.6,26.8,1.5,12.8,7.3,19.92,377.8,12.6
2015,50,Lou Williams,TOR,80,25.2,0.564,12,7.4,25.2,1.4,7.3,4.3,19.9,282.9,9.4
2015,51,Chris Bosh,MIA,44,35.4,0.548,9.2,9.2,25.9,3.6,20,12,19.87,215.2,7.2
2015,52,Rudy Gay,SAC,68,35.4,0.555,14.5,10.6,25.4,4.8,13.7,9.4,19.76,332.7,11.1
2015,53,Al Jefferson,CHA,65,30.6,0.5,8.9,5.4,24.1,5.3,25.5,15.1,19.75,272.1,9.1
2015,54,Brandon Jennings,DET,41,28.6,0.522,28.1,9.3,27.1,1.9,8,4.8,19.74,153.1,5.1
2015,55,Marreese Speights,GS,76,15.9,0.546,8.2,9.3,26.3,10.1,18.7,14.5,19.58,161.8,5.4
2015,56,Zach Randolph,MEM,71,32.5,0.538,11.2,11.4,22.5,11.2,25.8,18.5,19.54,276.4,9.2
2015,57,Alexey Shved,HOU,42,18.3,0.541,19.1,8.6,22.9,0,0,0,19.51,97.5,3.2
2015,57,Alexey Shved,NY,42,18.3,0.541,19.1,8.6,22.9,0,0,0,19.51,97.5,3.2
2015,57,Alexey Shved,PHI,42,18.3,0.541,19.1,8.6,22.9,0,0,0,19.51,97.5,3.2
2015,58,Kyle Lowry,TOR,70,34.5,0.527,25.9,9.5,25.3,2.6,13.1,7.8,19.33,300.2,10
2015,59,Dwight Howard,HOU,41,29.8,0.596,7.1,16.3,21.4,10,28.9,19.5,19.31,159,5.3
2015,60,Dirk Nowitzki,DAL,77,29.6,0.56,10.1,5.8,22.9,2.1,19.9,11,19.26,264.2,8.8
2015,61,Tyler Zeller,BOS,82,21.1,0.594,12.7,8.5,18.4,9.1,20.5,14.7,19.01,217.2,7.2
2015,62,Tiago Splitter,SA,52,19.8,0.601,15.8,12.2,17.2,10.2,17.4,13.9,18.98,128.8,4.3
2015,63,Kevin Love,CLE,75,33.8,0.562,12.1,8.8,20.4,6.5,26.3,16.6,18.89,279.4,9.3
2015,64,Jrue Holiday,NO,40,32.6,0.522,29.4,9.8,23.7,2.8,9,5.9,18.82,152,5.1
2015,65,Jarnell Stokes,MEM,19,6.6,0.578,6.6,11.6,18.7,14.6,16.3,15.4,18.66,13.5,0.4
2015,66,Mike Conley,MEM,70,31.8,0.558,24.6,10.2,23.4,1.5,9.2,5.4,18.61,252.6,8.4
2015,67,Ty Lawson,DEN,75,35.5,0.526,36.2,9.3,22.1,1.6,8.1,4.7,18.5,298.5,9.9
2015,68,Eric Bledsoe,PHX,81,34.6,0.555,24.6,13.7,23.4,2.8,13.9,8.3,18.47,312.3,10.4
2015,69,Kenneth Faried,DEN,75,27.8,0.548,8.3,11,18.9,12.1,22.9,17.3,18.46,216.7,7.2
2015,70,Terrence Jones,HOU,33,26.9,0.567,8.7,9,17,9.7,17.6,13.7,18.31,90.4,3
2015,71,Marcin Gortat,WSH,82,29.9,0.587,9.2,9.5,16.1,8.5,24.1,16.5,18.28,281.1,9.4
2015,72,Cole Aldrich,NY,61,16,0.513,16.2,12.7,17.4,11.6,28.9,20,18.16,110.1,3.7
2015,73,John Henson,MIL,67,18.3,0.578,10.7,15.8,16.7,11.7,17.4,14.5,18.08,137,4.6
2015,,Mike Muscala,ATL,40,12.6,0.608,12,10.1,15.3,12.2,14.8,13.5,18.08,49.3,1.6
2015,75,Mason Plumlee,BKN,82,21.3,0.57,9.2,13.1,17.7,11.3,21.6,16.5,18.04,193.6,6.5
2015,76,Jared Sullinger,BOS,58,27,0.503,13.7,8,22.2,10.1,20.9,15.4,17.93,150.3,5
2015,,Nikola Mirotic,CHI,82,20.2,0.556,10.4,9.5,21.3,4.3,21.8,13.3,17.93,158.7,5.3
2015,,James Johnson,TOR,70,19.6,0.617,15.3,12.7,16.5,5.1,16.5,10.8,17.93,131.4,4.4
2015,79,David Lee,GS,49,18.4,0.541,17.3,9.9,18.5,10,20.3,15.3,17.9,86.4,2.9
2015,80,James Michael McAdoo,GS,15,9.1,0.564,3.2,9.5,17.2,12.2,16.8,14.6,17.79,14.9,0.5
2015,81,Tyreke Evans,NO,79,34.1,0.508,25.3,11.9,26.2,3.5,14.1,8.8,17.77,292,9.7
2015,82,Anderson Varejao,CLE,26,24.5,0.58,12.1,12.1,17,10.4,20.1,15.3,17.74,67.7,2.3
2015,83,Kobe Bryant,LAL,35,34.5,0.477,17.2,11.2,33.6,2.3,16.5,9.1,17.69,129.5,4.3
2015,84,Jeff Withey,NO,37,7,0.57,10.1,11,16.1,10.1,17.9,14,17.67,27.3,0.9
2015,85,Kemba Walker,CHA,62,34.2,0.486,20.9,6.6,25,1.8,9.9,5.7,17.66,210.7,7
2015,86,Darren Collison,SAC,45,34.8,0.575,25.3,11.3,20.8,1.4,8.7,5.2,17.53,152.5,5.1
2015,87,Charlie Villanueva,DAL,64,10.6,0.534,4.5,6.6,24,4.8,19.3,12.1,17.5,60.7,2
2015,88,Goran Dragic,MIA,78,33.8,0.577,21.5,10.6,21.6,3.5,8.3,5.9,17.47,274.4,9.1
2015,88,Goran Dragic,PHX,78,33.8,0.577,21.5,10.6,21.6,3.5,8.3,5.9,17.47,274.4,9.1
2015,89,DeMar DeRozan,TOR,60,35,0.51,13.7,9,26.7,2.3,12.9,7.6,17.46,218.2,7.3
2015,90,Chris Kaman,POR,74,18.9,0.537,8.5,14.1,20.7,11.7,25.2,18.5,17.38,141.4,4.7
2015,91,Gorgui Dieng,MIN,73,30,0.573,16.4,14.1,14.4,11.3,20.8,15.9,17.26,218.1,7.3
2015,92,Reggie Jackson,DET,77,29.5,0.511,26.6,10.7,29.9,2.6,12.9,7.8,17.24,211.2,7
2015,92,Reggie Jackson,OKC,77,29.5,0.511,26.6,10.7,29.9,2.6,12.9,7.8,17.24,211.2,7
2015,93,Brandon Knight,MIL,63,32.3,0.543,21.9,12.6,25.8,1.6,12,6.8,17.17,187.3,6.2
2015,93,Brandon Knight,PHX,63,32.3,0.543,21.9,12.6,25.8,1.6,12,6.8,17.17,187.3,6.2
2015,94,Jordan Clarkson,LAL,59,25,0.528,21.3,9.9,22.5,4,10.5,7.1,16.94,130.9,4.4
2015,95,Ersan Ilyasova,MIL,58,22.7,0.554,7.9,6.4,20.2,7,17,12,16.9,106.3,3.5
2015,96,Luis Scola,IND,81,20.5,0.515,11.2,10,21.2,9.3,25.6,17.5,16.84,132.2,4.4
2015,97,Jerome Adolphus Jordan,BKN,44,8.7,0.609,8.8,14.8,14.8,15.3,15.5,15.4,16.82,35.5,1.2
2015,98,Danilo Gallinari,DEN,59,24.2,0.563,10.5,7.2,20.2,2.3,14.7,8.3,16.81,134.2,4.5
2015,99,Tobias Harris,ORL,68,34.8,0.551,9.6,8.9,20.6,3.4,17.3,10.3,16.76,221.3,7.4
2015,100,Kevin Martin,MIN,39,33.4,0.549,10.2,8.7,24.9,1.6,11.1,6.2,16.73,121,4
2015,101,Andrea Bargnani,NY,29,27.1,0.527,9.3,8.5,24.4,4.6,14.4,9.3,16.71,71.6,2.4
2015,,Jamal Crawford,LAC,64,26.6,0.532,13.2,7.7,25.5,1.2,6.9,4.1,16.71,157.8,5.3
2015,103,Nikola Pekovic,MIN,31,26.3,0.502,6,9.3,21.2,12.1,21,16.4,16.69,74,2.5
2015,104,Mitch McGary,OKC,32,15.2,0.55,6.2,13.6,17.6,11.9,24.4,18.2,16.64,37.2,1.2
2015,105,Serge Ibaka,OKC,64,33.1,0.55,5.6,9.8,17.6,7,18.1,12.6,16.6,160.9,5.4
2015,106,Timofey Mozgov,CLE,81,25.3,0.594,6.6,13.9,16.7,11,21.4,16.1,16.59,182.9,6.1
2015,106,Timofey Mozgov,DEN,81,25.3,0.594,6.6,13.9,16.7,11,21.4,16.1,16.59,182.9,6.1
2015,,Monta Ellis,DAL,80,33.7,0.509,16.3,9.8,26.3,1.4,6.4,3.9,16.59,245.1,8.2
2015,108,Danny Green,SA,81,28.5,0.596,15.1,8.9,16.3,2.7,13.9,8.4,16.55,208.9,7
2015,109,Carlos Boozer,LAL,71,23.8,0.517,9.5,9.2,22,7,25.2,15.7,16.5,126.2,4.2
2015,110,Draymond Green,GS,79,31.5,0.54,22.8,10.4,16.6,5.1,22.4,14,16.43,220.2,7.3
2015,111,Brandon Bass,BOS,82,23.5,0.557,10.8,8.6,18.2,7.8,14.9,11.3,16.39,140.8,4.7
2015,112,Chandler Parsons,DAL,66,33.1,0.567,13.8,8.2,19.2,3.2,13,8.1,16.37,191.4,6.4
2015,113,Robin Lopez,POR,59,27.8,0.574,8.9,11.8,14.2,12.7,13.1,12.9,16.26,138.4,4.6
2015,114,JJ Redick,LAC,78,30.9,0.622,10.9,7.5,19.3,1.1,6.6,3.9,16.23,205.9,6.9
2015,115,Jordan Hill,LAL,70,26.8,0.494,9.7,10,21.2,9.9,23.4,16.4,16.21,156.8,5.2
2015,,Festus Ezeli,GS,46,11,0.58,4.2,14.9,15.8,13.3,19.7,16.6,16.21,42.2,1.4
2015,117,Manu Ginobili,SA,70,22.7,0.544,26,13.7,23.5,2,12.8,7.5,16.2,135.1,4.5
2015,118,Wesley Matthews,POR,60,33.7,0.586,13.4,7.8,18.6,2.1,9.5,5.9,16.15,170.5,5.7
2015,119,Chris Andersen,MIA,60,18.9,0.622,12.6,11.8,11.4,8.2,23.2,15.9,16.12,78.1,2.6
2015,120,Taj Gibson,CHI,62,27.3,0.545,9.7,10.5,16.4,10.7,14.6,12.7,16.1,116.2,3.9
2015,121,David West,IND,66,28.7,0.508,20.3,10.9,20.2,6.4,19.7,13.1,16.06,128.8,4.3
2015,122,Lester Hudson,LAC,5,11.2,0.571,21,12.6,14.5,2.1,13.8,8,16.02,4.6,0.2
2015,123,Bernard James,DAL,16,9.9,0.593,8.5,12.7,11.1,12.5,14.6,13.5,16,12.7,0.4
2015,124,Victor Oladipo,ORL,72,35.7,0.527,17.1,11.8,23.9,2.2,11.2,6.6,15.98,210.6,7
2015,125,Aron Baynes,SA,70,16,0.618,7.4,13.7,16.1,11.2,20.7,16.1,15.97,89.9,3
2015,126,DeMarre Carroll,ATL,70,31.3,0.603,12.7,8.1,15.5,5.3,13.8,9.7,15.94,177.9,5.9
2015,,Derrick Rose,CHI,51,30,0.493,18.9,12.1,30.7,2.6,8.7,5.7,15.94,112.9,3.8
2015,,John Jenkins,ATL,24,12.4,0.629,10.1,6.2,16.1,0.8,13.8,7.5,15.94,24.1,0.8
2015,,Tony Parker,SA,68,28.7,0.539,24.2,10.5,23.9,0.9,6.5,3.7,15.94,143.9,4.8
2015,130,Kelly Olynyk,BOS,64,22.3,0.558,13.7,12.3,19.9,7,16.5,11.7,15.93,113.2,3.8
2015,131,Andrew Bogut,GS,67,23.6,0.565,27.3,16.1,13,9.9,26.5,18.5,15.82,123.2,4.1
2015,132,Markieff Morris,PHX,82,31.5,0.523,12.3,10.9,21.7,4.6,17,10.7,15.81,166,5.5
2015,133,Thaddeus Young,MIN,76,32,0.507,12.9,8.7,20.2,5.8,13.5,9.6,15.74,190.2,6.3
2015,133,Thaddeus Young,BKN,76,32,0.507,12.9,8.7,20.2,5.8,13.5,9.6,15.74,190.2,6.3
2015,,Dennis Schroder,ATL,77,19.7,0.516,26.2,12.4,26.4,2.3,9.9,6.2,15.74,107.1,3.6
2015,135,Deron Williams,BKN,68,31.1,0.504,30.3,10.4,22.6,1.5,11,6.3,15.73,149.3,5
2015,136,Khris Middleton,MIL,79,30.1,0.563,14.8,9.2,18.7,2.3,14.3,8.4,15.7,184.4,6.1
2015,137,Ryan Anderson,NO,61,27.5,0.524,6,6.8,21.5,7.3,12.7,10,15.69,104.7,3.5
2015,138,Zaza Pachulia,MIL,73,23.7,0.506,19.6,14.6,18.3,13.1,19.9,16.5,15.68,131.2,4.4
2015,,Tristan Thompson,CLE,82,26.8,0.58,5.4,11.5,12.8,14.5,19.7,17.2,15.68,166.2,5.5
2015,140,Jeremy Lin,LAL,74,25.8,0.539,26.5,13,22,1.5,10.2,5.7,15.65,132.5,4.4
2015,141,Cory Joseph,SA,79,18.3,0.564,25.8,9.2,16.8,3.5,11.4,7.5,15.57,98.5,3.3
2015,142,Luol Deng,MIA,72,33.6,0.561,12.1,9.4,17.9,5.2,13.3,9.3,15.55,182.6,6.1
2015,143,Kris Humphries,WSH,64,21,0.512,9.5,7.7,16.8,10.1,24.4,17.4,15.5,80.2,2.7
2015,144,Omer Asik,NO,76,26.1,0.545,10.6,14,13.1,14,28.8,21.4,15.49,144.6,4.8
2015,,Beno Udrih,MEM,79,18.9,0.55,25.6,10.4,19.5,1.5,9.4,5.5,15.49,100,3.3
2015,146,Rodney Stuckey,IND,71,26.4,0.528,18.5,9.9,22.4,2.1,12.4,7.3,15.48,125.3,4.2
2015,,Mo Williams,MIN,68,29.1,0.512,27.6,11.2,23.4,1.2,8.9,4.9,15.48,132.3,4.4
2015,,Mo Williams,CHA,68,29.1,0.512,27.6,11.2,23.4,1.2,8.9,4.9,15.48,132.3,4.4
2015,148,Gerald Green,PHX,74,19.5,0.532,8.9,10.1,26.1,2.5,11.7,7,15.47,107.3,3.6
2015,,Roy Hibbert,IND,76,25.3,0.501,8.5,10.8,19.6,9,21.9,15.5,15.47,140,4.7
2015,150,C.J. Watson,IND,57,24.9,0.581,26,12.5,18.7,1.4,11.2,6.3,15.43,94,3.1
2015,151,Amir Johnson,TOR,75,26.4,0.603,14.6,13.7,14.8,9.3,17.3,13.3,15.43,116,3.9
2015,152,Joakim Noah,CHI,67,30.6,0.482,33.2,13.1,14.4,11.9,22.1,17.1,15.35,145.2,4.8
2015,153,Leandro Barbosa,GS,66,14.9,0.558,17.6,7.8,19.3,2.6,7.2,5,15.33,70.8,2.4
2015,154,Trevor Booker,UTAH,79,19.8,0.536,11.9,12.6,17.1,10.3,19,14.7,15.31,88.9,3
2015,155,Thomas Robinson,PHI,54,14.8,0.502,8.3,14.8,22,12.6,28.5,20.5,15.29,45.2,1.5
2015,155,Thomas Robinson,POR,54,14.8,0.502,8.3,14.8,22,12.6,28.5,20.5,15.29,45.2,1.5
2015,156,Kevin Garnett,MIN,47,20.3,0.496,17.2,10.3,14.8,5.7,31.1,18.4,15.27,53.6,1.8
2015,156,Kevin Garnett,BKN,47,20.3,0.496,17.2,10.3,14.8,5.7,31.1,18.4,15.27,53.6,1.8
2015,157,Larry Sanders,MIL,27,21.7,0.507,9.4,11.5,15.6,13.2,19.2,16.2,15.25,0,0
2015,158,Ricky Rubio,MIN,22,31.5,0.452,38,12.6,21.7,3,18.1,10.3,15.24,43.8,1.5
2015,159,Paul Pierce,WSH,73,26.2,0.58,14.6,9.3,18.6,2.7,14.3,8.7,15.23,135.1,4.5
2015,160,Bismack Biyombo,CHA,64,19.4,0.578,4.8,15.7,10.4,13.7,22.6,18,15.18,84.9,2.8
2015,161,Michael Kidd-Gilchrist,CHA,55,28.9,0.519,10.8,8.8,16.9,7.4,21.9,14.4,15.14,110,3.7
2015,,Mike Scott,ATL,68,16.5,0.543,12.5,6.5,19.6,4.7,15.2,10.1,15.14,61.1,2
2015,,J.J. Barea,DAL,77,17.7,0.502,28.9,7.7,21.3,1.8,9,5.4,15.14,84.2,2.8
2015,,Luigi Datome,BOS,21,10,0.587,8.4,8.4,17.7,1.5,13.8,7.6,15.14,14.5,0.5
2015,,Luigi Datome,DET,21,10,0.587,8.4,8.4,17.7,1.5,13.8,7.6,15.14,14.5,0.5
2015,165,Marcus Thornton,BOS,48,15,0.514,8.3,6.2,22.1,3.4,9.7,6.5,15.06,49.1,1.6
2015,165,Marcus Thornton,PHX,48,15,0.514,8.3,6.2,22.1,3.4,9.7,6.5,15.06,49.1,1.6
2015,166,Nerlens Noel,PHI,75,30.8,0.493,12.4,14.2,16,8.3,21,14.3,15.03,152.8,5.1
2015,167,Jonas Jerebko,BOS,75,16.4,0.549,13.6,8.4,16.5,8,17.2,12.5,14.99,64.1,2.1
2015,167,Jonas Jerebko,DET,75,16.4,0.549,13.6,8.4,16.5,8,17.2,12.5,14.99,64.1,2.1
2015,168,Tony Wroten,PHI,30,29.8,0.494,20,14.4,29.7,2.5,8.1,5.2,14.96,59.6,2
2015,,Jeremy Lamb,OKC,47,13.5,0.538,12.7,7.8,19.5,1.4,16.5,9.1,14.96,42.1,1.4
2015,170,Jannero Pargo,CHA,9,8.1,0.571,17.1,6.4,23,0,4.6,2.3,14.94,0,0
2015,171,JaMychal Green,SA,24,6.8,0.603,5.8,20.2,14.5,13.3,18,15.7,14.93,8.4,0.3
2015,171,JaMychal Green,MEM,24,6.8,0.603,5.8,20.2,14.5,13.3,18,15.7,14.93,8.4,0.3
2015,,Carl Landry,SAC,70,17,0.578,5,10.5,16.4,9.8,15.5,12.8,14.93,61,2
2015,173,Josh Smith,DET,83,27.7,0.467,17.5,13,25.1,7.2,18.3,12.6,14.92,151.6,5.1
2015,173,Josh Smith,HOU,83,27.7,0.467,17.5,13,25.1,7.2,18.3,12.6,14.92,151.6,5.1
2015,174,Lavoy Allen,IND,63,17,0.493,16.9,9.2,14.5,12.8,20.5,16.7,14.91,54.4,1.8
2015,175,Giannis Antetokounmpo,MIL,81,31.4,0.552,15.8,13.2,18.5,4.5,19.7,12.2,14.89,166.4,5.5
2015,176,Kyle O'Quinn,ORL,51,16.2,0.55,15.5,14.4,16.7,6.2,21.4,13.6,14.88,41.6,1.4
2015,,Anthony Morrow,OKC,74,24.4,0.604,8,5.1,15.4,2.4,9.1,5.8,14.88,118,3.9
2015,178,Devin Harris,DAL,76,22.2,0.559,25.8,9.3,17.8,0.8,8,4.4,14.86,97.2,3.2
2015,179,Meyers Leonard,POR,55,15.4,0.631,9.7,11.8,14.6,5.9,25.3,15.8,14.85,53.7,1.8
2015,180,Jusuf Nurkic,DEN,62,17.8,0.483,8.7,14.9,19.2,11.8,26.1,18.7,14.84,69.8,2.3
2015,181,Kyle Korver,ATL,75,32.2,0.699,20.5,11.2,13.6,0.7,13.3,7.2,14.8,155.1,5.2
2015,182,Tarik Black,HOU,63,19,0.583,10.1,11.6,11.6,12.8,21.4,17,14.76,58.1,1.9
2015,182,Tarik Black,LAL,63,19,0.583,10.1,11.6,11.6,12.8,21.4,17,14.76,58.1,1.9
2015,183,Joel Anthony,DET,49,8.3,0.607,5.6,13.5,8.5,8.2,17,12.4,14.74,25.1,0.8
2015,184,Robert Covington,PHI,70,27.9,0.554,9.7,11.8,20.3,3.4,14.6,8.8,14.72,123.1,4.1
2015,185,Tony Allen,MEM,63,26.2,0.528,12.6,12.6,15.5,7.2,12.2,9.7,14.68,102.7,3.4
2015,186,Patrick Patterson,TOR,81,26.6,0.568,19.9,6.9,12.7,6.8,16.3,11.6,14.67,102,3.4
2015,,Justin Hamilton,MIA,41,17.4,0.551,13.8,10,11.4,9.2,12.7,11,14.67,43.2,1.4
2015,,Justin Hamilton,MIN,41,17.4,0.551,13.8,10,11.4,9.2,12.7,11,14.67,43.2,1.4
2015,188,Jarrett Jack,BKN,80,28,0.522,25.2,12.9,22.3,1,11.3,6.1,14.64,121.7,4.1
2015,189,Bryce Cotton,UTAH,15,10.6,0.52,14.4,11.5,24.5,2.2,10.8,6.5,14.6,8.5,0.3
2015,,Jabari Parker,MIL,25,29.5,0.527,11,12.3,19.1,7.8,13.5,10.7,14.6,45.1,1.5
2015,191,Henry Sims,PHI,73,19.2,0.521,10.7,13.4,19.3,8.9,19.4,13.9,14.52,81.9,2.7
2015,192,Aaron Brooks,CHI,82,23,0.534,19.9,12,24.4,1.9,7.5,4.8,14.49,98.1,3.3
2015,193,Jeff Green,BOS,78,31.5,0.534,10,8.1,21.9,2.9,12.1,7.5,14.48,145.8,4.9
2015,193,Jeff Green,MEM,78,31.5,0.534,10,8.1,21.9,2.9,12.1,7.5,14.48,145.8,4.9
2015,194,Al-Farouq Aminu,DAL,74,18.5,0.504,11.3,10.5,14,9.1,18.4,13.7,14.45,80.6,2.7
2015,,Omri Casspi,SAC,67,21.1,0.58,14.6,12.6,17.6,4.5,15.9,10.4,14.45,83.4,2.8
2015,196,Donatas Motiejunas,HOU,71,28.7,0.553,12.7,12,17.9,7.4,15.4,11.4,14.44,89.5,3
2015,,Jeff Ayres,SA,51,7.5,0.618,9.3,17.2,14.8,11.2,23.3,17.3,14.44,16.8,0.6
2015,198,JaVale McGee,DEN,23,11.1,0.567,2.6,15.7,17.4,7.3,18.9,12.9,14.42,0,0
2015,198,JaVale McGee,PHI,23,11.1,0.567,2.6,15.7,17.4,7.3,18.9,12.9,14.42,0,0
2015,199,JJ Hickson,DEN,73,19.3,0.504,8.1,13.7,18.3,11.1,24,17.3,14.39,60.8,2
2015,200,Nene ,WSH,67,25.3,0.534,13.1,13.2,20.3,5.7,17,11.5,14.33,71.6,2.4
2015,201,Nick Young,LAL,42,23.8,0.52,6.5,7,23.9,1.8,9.1,5.3,14.27,56.2,1.9
2015,202,Jeff Adrien,MIN,17,12.6,0.494,17.7,10.6,13.8,11.9,29.6,20.5,14.23,0,0
2015,203,Kosta Koufos,MEM,81,16.6,0.53,7.4,13.8,14.5,10.3,25.8,18.1,14.21,72.6,2.4
2015,204,Jodie Meeks,DET,60,24.4,0.548,10.7,7.7,19,0.9,7.1,3.9,14.18,80.4,2.7
2015,,CJ Miles,IND,70,26.3,0.525,7.2,7,21.8,1.1,11.7,6.4,14.18,101,3.4
2015,206,Cody Zeller,CHA,62,24,0.53,16.5,10.2,14.7,7,20.1,13.4,14.15,58.7,2
2015,207,Steven Adams,OKC,70,25.3,0.549,10.1,15.1,13.5,12.2,19.3,15.8,14.14,93.5,3.1
2015,208,Michael Carter-Williams,MIL,66,32.6,0.461,25.4,14.5,25.4,3.2,15.3,9.1,14.13,100.5,3.3
2015,208,Michael Carter-Williams,PHI,66,32.6,0.461,25.4,14.5,25.4,3.2,15.3,9.1,14.13,100.5,3.3
2015,209,Joe Johnson,BKN,80,34.9,0.523,19.1,8.9,19.4,2.1,13.3,7.7,14.11,150.4,5
2015,210,TJ Warren,PHX,40,15.4,0.551,9.1,9.8,16.4,7.3,7.9,7.6,14.04,32.4,1.1
2015,211,Bradley Beal,WSH,63,33.4,0.521,15.6,9.9,21.2,3.1,9.6,6.4,14.02,110.7,3.7
2015,212,Corey Brewer,HOU,80,26.1,0.507,14.3,10.8,20.9,4.2,11.7,7.9,13.98,108.5,3.6
2015,212,Corey Brewer,MIN,80,26.1,0.507,14.3,10.8,20.9,4.2,11.7,7.9,13.98,108.5,3.6
2015,213,Andrew Wiggins,MIN,82,36.2,0.517,10.1,10.5,21.1,5,9.5,7.2,13.97,153.6,5.1
2015,214,Jae Crowder,BOS,82,20.1,0.517,12.5,6.5,16.8,4.7,14.9,9.7,13.93,84.3,2.8
2015,214,Jae Crowder,DAL,82,20.1,0.517,12.5,6.5,16.8,4.7,14.9,9.7,13.93,84.3,2.8
2015,215,D.J. Augustin,DET,82,24,0.527,28.6,11.7,23.1,1.1,7.9,4.4,13.92,85.4,2.8
2015,215,D.J. Augustin,OKC,82,24,0.527,28.6,11.7,23.1,1.1,7.9,4.4,13.92,85.4,2.8
2015,216,Elfrid Payton,ORL,82,30.4,0.456,34.7,13.2,19.1,4.8,11.2,7.9,13.87,106.6,3.6
2015,217,Dwight Powell,BOS,29,8.1,0.552,8.9,10.8,34.3,8.3,14.9,11.6,13.86,8.3,0.3
2015,217,Dwight Powell,DAL,29,8.1,0.552,8.9,10.8,34.3,8.3,14.9,11.6,13.86,8.3,0.3
2015,218,Thabo Sefolosha,ATL,52,18.8,0.506,19.4,9.8,13.8,6.4,19.3,13.1,13.82,48.3,1.6
2015,219,Marcus Morris,PHX,81,25.2,0.52,13.1,7.2,17.8,3.9,16.9,10.3,13.73,68.1,2.3
2015,220,JR Smith,CLE,70,29.7,0.538,18.1,9,16.9,1.7,10.4,6,13.63,97.2,3.2
2015,220,JR Smith,NY,70,29.7,0.538,18.1,9,16.9,1.7,10.4,6,13.63,97.2,3.2
2015,221,Will Barton,DEN,58,16.9,0.503,15.1,11.4,20,2.8,15.2,8.9,13.6,45.5,1.5
2015,221,Will Barton,POR,58,16.9,0.503,15.1,11.4,20,2.8,15.2,8.9,13.6,45.5,1.5
2015,,O.J. Mayo,MIL,71,23.9,0.529,18.1,11.8,22.5,2,10.5,6.3,13.6,78.4,2.6
2015,223,Alex Len,PHX,69,22,0.542,6.3,14.7,12.4,10.2,22.7,16.4,13.54,66.6,2.2
2015,224,Rajon Rondo,BOS,68,29.7,0.448,37.7,14.7,20.7,3.9,16.4,10.1,13.49,74.9,2.5
2015,224,Rajon Rondo,DAL,68,29.7,0.448,37.7,14.7,20.7,3.9,16.4,10.1,13.49,74.9,2.5
2015,225,Miles Plumlee,MIL,73,16.4,0.536,9.5,14.2,15,10.3,19.4,14.8,13.44,50.6,1.7
2015,225,Miles Plumlee,PHX,73,16.4,0.536,9.5,14.2,15,10.3,19.4,14.8,13.44,50.6,1.7
2015,226,Dorell Wright,POR,48,12.4,0.525,15.3,6.7,16.2,2.6,17.2,10,13.42,25.8,0.9
2015,227,Harrison Barnes,GS,82,28.3,0.573,12.8,7.8,13.7,5.6,15.1,10.5,13.41,100.7,3.4
2015,228,Andre Miller,SAC,81,15.5,0.548,39.9,14.6,17.1,3.4,10.2,6.9,13.37,44.2,1.5
2015,228,Andre Miller,WSH,81,15.5,0.548,39.9,14.6,17.1,3.4,10.2,6.9,13.37,44.2,1.5
2015,229,Dewayne Dedmon,ORL,59,14.3,0.568,3.6,20.4,11.6,15.5,24.1,19.7,13.31,34.2,1.1
2015,230,Tyler Hansbrough,TOR,74,14.3,0.597,7.9,7.5,9.7,11.6,17.3,14.4,13.3,28.5,0.9
2015,231,Gerald Henderson,CHA,80,28.9,0.514,16.4,8.7,19.6,1.7,11.6,6.5,13.29,96.5,3.2
2015,232,Cory Jefferson,BKN,50,10.6,0.48,7.1,8.8,16.5,10,20.6,15.3,13.26,13.9,0.5
2015,233,Wilson Chandler,DEN,78,31.7,0.523,10.5,8.6,18.8,4.1,17.2,10.4,13.24,100.9,3.4
2015,234,Shelvin Mack,ATL,55,15.1,0.489,30.4,9.6,19.5,1.1,9.5,5.4,13.23,27.8,0.9
2015,235,Noah Vonleh,CHA,25,10.4,0.475,3.9,10.7,15.6,11.6,25.3,18.3,13.2,6.6,0.2
2015,236,Donald Sloan,IND,53,20.9,0.503,29.5,10.1,18.8,1.2,13,7.1,13.16,35.7,1.2
2015,,Ryan Hollins,SAC,46,9.6,0.648,9.7,17.3,12.1,9.6,16.6,13.3,13.16,16.9,0.6
2015,238,CJ McCollum,POR,62,15.7,0.534,12.6,9.4,19.1,1.6,8.3,5,13.15,38.5,1.3
2015,,Dwight Buycks,LAL,6,20.5,0.586,19.9,17,19.9,1.7,9.3,5.4,13.15,3.9,0.1
2015,240,Nicolas Batum,POR,71,33.5,0.516,30.6,11.8,14.9,2.8,15.6,9.4,13.1,92.3,3.1
2015,,Patty Mills,SA,51,15.7,0.496,18.3,7.4,20.9,3,7.5,5.3,13.1,25.1,0.8
2015,242,Alec Burks,UTAH,27,33.3,0.524,16.7,10.6,20.1,2.5,12.1,7.3,13.07,27.8,0.9
2015,243,Alonzo Gee,DEN,54,12.3,0.548,9,11.9,15,5.9,9.5,7.7,13.04,25,0.8
2015,243,Alonzo Gee,POR,54,12.3,0.548,9,11.9,15,5.9,9.5,7.7,13.04,25,0.8
2015,244,John Lucas III,DET,21,13,0.461,32.9,8.8,21.2,1.5,5,3.2,13.03,8.2,0.3
2015,245,Paul George,IND,6,15.2,0.492,8.4,16.7,30.1,4.9,21.7,13.4,13.02,3.4,0.1
2015,246,Ognjen Kuzmic,GS,16,4.5,0.727,24.2,20.2,11,10.8,14.5,12.7,12.93,2.5,0.1
2015,247,Shaun Livingston,GS,78,18.8,0.529,32.5,12.8,16.3,3.3,10,6.7,12.91,41.8,1.4
2015,248,Derrick Williams,SAC,74,19.8,0.54,7.4,8.3,17.3,3.3,12.1,7.8,12.89,30.2,1
2015,249,Evan Turner,BOS,82,27.6,0.482,30.9,13.6,20,1.9,18.5,10.1,12.88,80.2,2.7
2015,250,Jordan Adams,MEM,30,8.3,0.489,12.7,11.1,19,4.2,8.7,6.4,12.87,8.8,0.3
2015,251,Eric Gordon,NO,61,33.1,0.544,20.8,11.1,19.4,1.6,7.4,4.5,12.76,68.1,2.3
2015,252,Boris Diaw,SA,81,24.5,0.526,22.6,12.2,17.7,4.5,15.2,10,12.74,63.5,2.1
2015,,Trevor Ariza,HOU,82,35.7,0.539,15.8,10.7,15.7,2.9,14.4,8.6,12.74,97.9,3.3
2015,254,Greivis Vasquez,TOR,82,24.3,0.514,25.7,10.1,19.7,1.3,11.2,6.3,12.67,49.7,1.7
2015,255,Trey Burke,UTAH,76,30.1,0.455,21.6,8.2,23.6,1.6,8.7,5.2,12.64,56.1,1.9
2015,256,Kevin Seraphin,WSH,79,15.6,0.535,9.2,15.2,19.6,8.1,17.9,13.1,12.61,37,1.2
2015,257,PJ Tucker,PHX,78,30.6,0.541,13.9,10.9,13,5.2,18,11.5,12.56,73.4,2.4
2015,258,Ray McCallum,SAC,68,21.1,0.496,24.1,10.9,17.9,4.3,9.8,7.1,12.54,33,1.1
2015,259,Marco Belinelli,SA,62,22.4,0.553,14.1,9.1,17.5,2.2,10.5,6.4,12.47,40.9,1.4
2015,,Raymond Felton,DAL,29,9.7,0.48,23.9,10.5,20.3,0.8,9.4,5.1,12.47,6.1,0.2
2015,,Evan Fournier,ORL,58,28.6,0.546,14.3,9.7,18.4,1.9,8.7,5.2,12.47,48.7,1.6
2015,262,Kendall Marshall,MIL,28,14.9,0.562,38.1,15.5,16.1,0.6,7.1,3.8,12.45,0,0
2015,263,Isaiah Canaan,HOU,47,20,0.534,17.4,11,18.2,2,8.3,5.1,12.44,20.1,0.7
2015,263,Isaiah Canaan,PHI,47,20,0.534,17.4,11,18.2,2,8.3,5.1,12.44,20.1,0.7
2015,264,Rodney Hood,UTAH,50,21.3,0.529,15.5,8.4,18.8,1,11.7,6.4,12.39,30,1
2015,265,Langston Galloway,NY,45,32.4,0.489,19.8,8.1,18.5,2.9,12.5,7.5,12.36,29.6,1
2015,266,Andre Iguodala,GS,77,26.9,0.553,26.4,10.2,13.1,2.4,10.8,6.7,12.34,56.9,1.9
2015,267,Nick Calathes,MEM,58,14.4,0.455,30.8,12.9,18.4,2.6,11.8,7.2,12.33,22.9,0.8
2015,268,Jared Dudley,MIL,72,23.8,0.572,20.2,9.6,13,3,11.6,7.3,12.31,46.5,1.5
2015,,Ish Smith,PHI,55,15.1,0.431,27.7,12,26.8,1.9,11.5,6.5,12.31,16.2,0.5
2015,,Ish Smith,OKC,55,15.1,0.431,27.7,12,26.8,1.9,11.5,6.5,12.31,16.2,0.5
2015,270,Chase Budinger,MIN,67,19.2,0.537,11.9,9.1,15.3,2.8,15.1,8.8,12.26,33.8,1.1
2015,,Pablo Prigioni,HOU,67,17.9,0.557,35.7,12.9,10.7,2.8,8.6,5.7,12.26,22.5,0.7
2015,,Pablo Prigioni,NY,67,17.9,0.557,35.7,12.9,10.7,2.8,8.6,5.7,12.26,22.5,0.7
2015,,Joel Freeland,POR,48,12.9,0.522,8,11.4,12.3,11,21.9,16.6,12.26,15.3,0.5
2015,273,Jameer Nelson,BOS,63,22.3,0.503,28.7,12.4,21,0,0,0,12.14,23.9,0.8
2015,273,Jameer Nelson,DAL,63,22.3,0.503,28.7,12.4,21,0,0,0,12.14,23.9,0.8
2015,273,Jameer Nelson,DEN,63,22.3,0.503,28.7,12.4,21,0,0,0,12.14,23.9,0.8
2015,274,Justin Holiday,GS,59,11.1,0.498,14.5,8.7,17.5,2,9.7,6,12.13,16,0.5
2015,275,Clint Capela,HOU,12,7.5,0.409,4.3,10.8,19.3,12.3,31.8,22.1,12.12,2,0.1
2015,,Tim Hardaway Jr.,NY,70,24,0.512,12.8,8.2,22.3,0.8,10.2,5.4,12.12,40.6,1.4
2015,277,A.J. Price,CLE,26,12.5,0.451,22.2,6.7,20.5,0,0,0,12.07,5.2,0.2
2015,277,A.J. Price,IND,26,12.5,0.451,22.2,6.7,20.5,0,0,0,12.07,5.2,0.2
2015,277,A.J. Price,PHX,26,12.5,0.451,22.2,6.7,20.5,0,0,0,12.07,5.2,0.2
2015,278,Tyler Johnson,MIA,32,18.8,0.506,16.2,11.6,15.9,2.9,13.1,8.1,12.06,14.1,0.5
2015,279,Jason Smith,NY,82,21.8,0.497,15.5,11.5,18.7,6.2,15,10.5,12.05,14.7,0.5
2015,280,Tayshaun Prince,BOS,58,24.1,0.504,16.6,6.3,14.2,0,0,0,12.01,31.4,1
2015,280,Tayshaun Prince,DET,58,24.1,0.504,16.6,6.3,14.2,0,0,0,12.01,31.4,1
2015,280,Tayshaun Prince,MEM,58,24.1,0.504,16.6,6.3,14.2,0,0,0,12.01,31.4,1
2015,281,Furkan Aldemir,PHI,41,13.2,0.517,20.8,12.6,8.4,14.9,20.7,17.7,12,4,0.1
2015,282,Jon Leuer,MEM,63,13.1,0.478,12.1,9.2,17.3,7,21.7,14.3,11.97,5.8,0.2
2015,283,Quincy Acy,NY,68,18.9,0.533,13.6,12,14.6,6.9,20.5,13.5,11.96,28,0.9
2015,284,Drew Gooden,WSH,51,16.9,0.469,13.2,7.5,15.8,9.6,19.3,14.5,11.95,5.8,0.2
2015,285,Phil Pressey,BOS,50,12,0.453,33.1,11.6,18,2.3,12.4,7.3,11.84,7.5,0.3
2015,286,Samuel Dalembert,NY,32,17,0.461,14,18.9,14.2,10.9,25.1,17.8,11.82,0,0
2015,287,Lou Amundson,CLE,53,17.7,0.442,16.5,14.6,10.7,11.3,22,16.5,11.79,4.1,0.1
2015,287,Lou Amundson,NY,53,17.7,0.442,16.5,14.6,10.7,11.3,22,16.5,11.79,4.1,0.1
2015,,Marvin Williams,CHA,78,26.1,0.541,14.4,8.7,12.4,3.1,18.2,10.4,11.79,8.7,0.3
2015,289,Mario Chalmers,MIA,80,29.6,0.521,24.4,13.7,18.4,1.2,9,5.2,11.76,26.9,0.9
2015,290,Brian Roberts,CHA,72,18.5,0.495,23,8.1,18.1,1,8.2,4.5,11.74,14.6,0.5
2015,291,Jason Richardson,PHI,19,21.9,0.458,15.7,6.6,20.4,3.2,14.5,8.6,11.73,7.6,0.3
2015,292,Reggie Evans,SAC,47,16.3,0.49,12.5,17.5,12.1,14.9,29,22.2,11.68,12.4,0.4
2015,293,Wayne Ellington,LAL,65,25.8,0.504,13.1,6.2,17.4,2,12.3,6.9,11.66,29.1,1
2015,294,Bojan Bogdanovic,BKN,78,23.8,0.562,8.8,10.1,15.8,3,9.8,6.4,11.64,31.6,1.1
2015,,Otto Porter Jr.,WSH,74,19.4,0.523,12,9.6,14,5.6,11.6,8.7,11.64,24.4,0.8
2015,,Mike Dunleavy,CHI,63,29.2,0.573,16.4,8.7,13.6,1.7,12.7,7.3,11.64,31.2,1
2015,297,Ekpe Udoh,LAC,33,3.9,0.519,18.6,16.3,11.7,6.3,16.4,11.4,11.62,0.2,0
2015,298,Darrell Arthur,DEN,58,17,0.466,11.1,9.1,18.8,5.6,13.4,9.3,11.57,1,0
2015,299,James Ennis III,MIA,62,17,0.541,12.8,10.4,13.5,6,14,10.1,11.53,16.1,0.5
2015,300,Courtney Lee,MEM,77,30.6,0.555,16.3,8.4,14.4,1,7.6,4.3,11.51,35.5,1.2
2015,301,Avery Bradley,BOS,77,31.5,0.507,10.4,8.4,19.5,2,8.9,5.4,11.51,18.3,0.6
2015,302,Jason Terry,HOU,77,21.3,0.579,21.4,10.8,14,1,7.1,4.1,11.48,24,0.8
2015,,Sebastian Telfair,OKC,16,20.4,0.479,22.2,8.9,20.7,0.7,9,4.9,11.48,0,0
2015,,Iman Shumpert,CLE,62,24.9,0.497,18.6,12.5,14.8,4.1,12.6,8.3,11.48,22.6,0.8
2015,,Iman Shumpert,NY,62,24.9,0.497,18.6,12.5,14.8,4.1,12.6,8.3,11.48,22.6,0.8
2015,305,Aaron Gordon,ORL,47,17,0.517,10.8,12.4,14.3,6.4,17.8,12,11.45,-0.5,0
2015,,Jack Cooley,UTAH,16,5.4,0.432,2.8,8.5,16.5,13.3,19.8,16.6,11.45,1.2,0
2015,307,Rasual Butler,WSH,75,20.1,0.531,9.6,7.3,16.4,2.1,12.4,7.4,11.44,21.2,0.7
2015,308,Anthony Bennett,MIN,57,15.7,0.458,11.7,8.8,16.8,6.5,21.6,13.8,11.41,-1.2,0
2015,309,Patrick Beverley,HOU,56,30.8,0.509,23,10,15.9,4.3,10.8,7.6,11.37,9.4,0.3
2015,310,Jose Calderon,NY,42,30.2,0.519,30.9,11.7,16.5,1.7,9.8,5.6,11.34,6.5,0.2
2015,,Richard Jefferson,DAL,74,16.8,0.577,12.5,10.7,14.2,2.2,14,8.1,11.34,15.5,0.5
2015,312,Zach LaVine,MIN,77,24.7,0.515,22.6,15.8,21.7,1.6,11.6,6.4,11.31,8.9,0.3
2015,313,Matt Barnes,LAC,76,29.9,0.574,13.2,10,13.8,2.6,12.2,7.5,11.29,26.9,0.9
2015,314,Archie Goodwin,PHX,41,13,0.486,13.4,14.6,21.9,5.5,9.7,7.6,11.28,6.2,0.2
2015,315,Toney Douglas,NO,12,14.8,0.45,26.5,11,17.4,1.3,12.8,7.1,11.26,0.7,0
2015,316,Kentavious Caldwell-Pope,DET,82,31.5,0.501,8.8,7.6,18.3,1.9,9.1,5.4,11.25,29.1,1
2015,317,Nick Collison,OKC,66,16.7,0.485,21.6,10.8,12.7,8.9,15.3,12.2,11.23,-4.4,-0.1
2015,318,Terrence Ross,TOR,82,25.5,0.519,9.2,7.4,16.9,1.8,10.7,6.2,11.21,22.1,0.7
2015,319,Jerryd Bayless,MIL,77,22.3,0.519,24.7,14.1,18.3,1.5,12.5,7,11.18,4.7,0.2
2015,320,Ramon Sessions,SAC,64,18.6,0.49,26.8,12.7,18.7,2.3,11.2,6.9,11.17,3,0.1
2015,320,Ramon Sessions,WSH,64,18.6,0.49,26.8,12.7,18.7,2.3,11.2,6.9,11.17,3,0.1
2015,321,Luke Babbitt,NO,63,13.2,0.639,9.6,10.4,11.6,1.6,13.5,7.6,11.15,8,0.3
2015,322,Wesley Johnson,LAL,76,29.5,0.509,13,9.1,15.5,3.2,12.9,7.8,11.14,21.5,0.7
2015,323,Gary Neal,MIN,54,22.1,0.483,13.7,8.9,20.7,1.3,11,6,11.13,11.3,0.4
2015,323,Gary Neal,CHA,54,22.1,0.483,13.7,8.9,20.7,1.3,11,6,11.13,11.3,0.4
2015,324,James Jones,CLE,57,11.7,0.565,9.3,5,14.7,1.6,9,5.3,11.1,6,0.2
2015,,Anthony Tolliver,DET,76,18.8,0.569,11.1,9.6,14.1,3.8,14.5,9,11.1,-8.7,-0.3
2015,,Anthony Tolliver,PHX,76,18.8,0.569,11.1,9.6,14.1,3.8,14.5,9,11.1,-8.7,-0.3
2015,,Joey Dorsey,HOU,69,12.4,0.507,10.1,16.6,10.5,13.3,22.7,18,11.1,6.3,0.2
2015,327,Jorge Gutierrez,MIL,20,8.8,0.567,27.3,14.9,13.8,3.3,12.9,8.1,11.09,0.2,0
2015,327,Jorge Gutierrez,BKN,20,8.8,0.567,27.3,14.9,13.8,3.3,12.9,8.1,11.09,0.2,0
2015,328,Lorenzo Brown,MIN,29,18.9,0.468,35.9,12,13.8,2.8,12,7.3,11.06,0.5,0
2015,329,Randy Foye,DEN,50,21.7,0.51,19.7,9.9,18.9,0.9,7.8,4.2,11.03,8.6,0.3
2015,,Shawn Marion,CLE,57,19.3,0.489,13.9,9,12.3,6.8,14.2,10.5,11.03,8.7,0.3
2015,331,Marcus Smart,BOS,67,27,0.491,25,10.8,15,3.6,9.9,6.7,11.02,0.5,0
2015,332,Jabari Brown,LAL,19,29.9,0.547,14.3,11.5,17.8,0.6,6.7,3.5,11,4.3,0.1
2015,333,Hollis Thompson,PHI,71,25,0.538,11.6,9,14.9,3.1,9.3,6,10.98,12.6,0.4
2015,334,Garrett Temple,WSH,52,14.2,0.534,19.9,12.1,13.3,3.8,9.9,6.9,10.95,4.9,0.2
2015,335,Robert Sacre,LAL,67,16.9,0.449,12.7,8.3,14,8.4,14.6,11.4,10.93,5.6,0.2
2015,,Norris Cole,NO,75,24.4,0.483,26.9,10.4,20.4,0.8,9.2,5.1,10.93,-2,-0.1
2015,,Norris Cole,MIA,75,24.4,0.483,26.9,10.4,20.4,0.8,9.2,5.1,10.93,-2,-0.1
2015,,Dion Waiters,CLE,80,27.6,0.46,12.6,8.7,22.9,2.1,7.4,4.8,10.93,14.1,0.5
2015,,Dion Waiters,OKC,80,27.6,0.46,12.6,8.7,22.9,2.1,7.4,4.8,10.93,14.1,0.5
2015,338,Shane Larkin,NY,76,24.5,0.504,29.1,10.7,13.8,1.7,9.4,5.4,10.9,-2.7,-0.1
2015,339,Glen Davis,LAC,74,12.2,0.495,10.4,10.4,15.3,5.5,15.4,10.5,10.88,-8.3,-0.3
2015,340,Ian Mahinmi,IND,61,18.8,0.516,9.5,16.9,11.5,10.2,24,17.2,10.84,4.2,0.1
2015,341,Landry Fields,TOR,26,8.3,0.527,22.5,12,10.6,5.3,8.5,6.9,10.82,1,0
2015,342,David Stockton,SAC,3,11,0.463,41.6,18.5,18.6,0,6.6,3.4,10.77,-0.1,0
2015,343,Mirza Teletovic,BKN,40,22.3,0.5,10.5,12.1,18.5,3.4,20.9,12.2,10.71,-10.5,-0.3
2015,,Michael Beasley,MIA,24,21,0.474,10.9,12.7,22.2,2.9,17.9,10.6,10.71,1.6,0.1
2015,345,Arron Afflalo,DEN,78,32.1,0.533,10.6,9.5,18.7,1.1,9.7,5.3,10.7,7.4,0.2
2015,345,Arron Afflalo,POR,78,32.1,0.533,10.6,9.5,18.7,1.1,9.7,5.3,10.7,7.4,0.2
2015,346,Udonis Haslem,MIA,62,16,0.488,13,11.6,13.4,8.8,22.1,15.6,10.68,-12.3,-0.4
2015,347,Ben Gordon,ORL,56,14.1,0.538,11.6,12.8,20.1,0.8,8.3,4.5,10.66,1.9,0.1
2015,,KJ McDaniels,HOU,62,21.8,0.494,10.8,15.7,20.6,5,11.4,8,10.66,3.2,0.1
2015,,KJ McDaniels,PHI,62,21.8,0.494,10.8,15.7,20.6,5,11.4,8,10.66,3.2,0.1
2015,349,Alan Anderson,BKN,74,23.6,0.563,13.2,9.6,13.3,2,11.1,6.6,10.63,3.4,0.1
2015,350,Nate Robinson,DEN,42,14.1,0.432,24.1,7.5,22.6,3.1,6.2,4.6,10.6,0,0
2015,350,Nate Robinson,LAC,42,14.1,0.432,24.1,7.5,22.6,3.1,6.2,4.6,10.6,0,0
2015,351,Luc Mbah a Moute,PHI,67,28.6,0.466,11.6,10.8,17.2,4.4,14.6,9.3,10.6,-25.9,-0.9
2015,352,Shawne Williams,DET,63,17.3,0.537,11.2,7.7,18.1,4,14,9,10.57,1.1,0
2015,352,Shawne Williams,MIA,63,17.3,0.537,11.2,7.7,18.1,4,14,9,10.57,1.1,0
2015,,Sergey Karasev,BKN,33,16.8,0.508,20.8,10.9,13.9,4.5,8.9,6.7,10.57,0.5,0
2015,354,Joffrey Lauvergne,DEN,24,11.2,0.459,9.5,16.1,18.6,10.5,20.9,15.5,10.54,-3.8,-0.1
2015,,Hedo Turkoglu,LAC,62,11.4,0.602,14.3,11.2,13.2,0.8,14.7,7.9,10.54,0.4,0
2015,,Reggie Williams,SA,20,5.3,0.454,19,3.8,17.6,5.5,12.7,9.2,10.54,0.1,0
2015,357,Brandon Davies,BKN,27,15.7,0.463,14.1,13.7,22.5,9.4,12.1,10.7,10.53,0,0
2015,357,Brandon Davies,PHI,27,15.7,0.463,14.1,13.7,22.5,9.4,12.1,10.7,10.53,0,0
2015,358,Jason Maxiell,CHA,61,14.4,0.455,7,10.7,11.9,10.5,15.1,12.7,10.46,-13.7,-0.5
2015,359,Ben McLemore,SAC,82,32.6,0.552,11.9,11.7,16,1.4,8.6,5.1,10.42,-3.1,-0.1
2015,360,Chuck Hayes,TOR,29,8.8,0.492,25.4,10.1,10.4,8.1,14.9,11.5,10.39,-0.8,0
2015,361,E'Twaun Moore,CHI,56,9,0.504,16.9,7.2,13.9,2.7,7.1,5,10.38,-0.9,0
2015,,Andrew Nicholson,ORL,40,12.3,0.483,8.9,9.7,19,3.8,15.2,9.4,10.38,-8.2,-0.3
2015,363,Austin Rivers,NO,76,20.6,0.481,20.1,8.4,16.6,2,8.9,5.5,10.36,-3.4,-0.1
2015,363,Austin Rivers,LAC,76,20.6,0.481,20.1,8.4,16.6,2,8.9,5.5,10.36,-3.4,-0.1
2015,364,Greg Smith,DAL,42,8.6,0.605,10.4,12.8,8.7,7.8,16.1,11.9,10.27,-6.7,-0.2
2015,365,Spencer Dinwiddie,DET,34,13.4,0.394,32.4,10.3,22.4,0.9,10.9,5.7,10.26,-5,-0.2
2015,366,Chris Johnson,MIL,29,18.1,0.515,7.9,7.9,10.2,0,0,0,10.24,-2.1,-0.1
2015,366,Chris Johnson,PHI,29,18.1,0.515,7.9,7.9,10.2,0,0,0,10.24,-2.1,-0.1
2015,366,Chris Johnson,UTAH,29,18.1,0.515,7.9,7.9,10.2,0,0,0,10.24,-2.1,-0.1
2015,367,Jason Thompson,SAC,81,24.6,0.5,12.9,12.7,11.9,8.2,21.5,15.1,10.23,-37.8,-1.3
2015,368,Josh McRoberts,MIA,17,17.4,0.613,29,19.3,12.8,2.9,15.1,9.1,10.22,-5.7,-0.2
2015,,Ronnie Price,LAL,43,22.8,0.455,35.9,11.3,14.2,2.1,5.8,3.9,10.22,-11.5,-0.4
2015,370,Solomon Hill,IND,82,29,0.507,18.1,11.3,15.2,3.3,11.2,7.3,10.2,-10.8,-0.4
2015,371,Tony Snell,CHI,72,19.6,0.55,12.3,9.5,13.3,2.5,10.9,6.8,10.19,-6.6,-0.2
2015,372,Matt Bonner,SA,72,13,0.536,15.4,3.6,11.7,3.6,10.2,7,10.13,-6.5,-0.2
2015,373,Kenyon Martin,MIL,11,9.5,0.437,16.2,9.7,10.6,6.7,14.2,10.5,10.05,0,0
2015,374,Luke Ridnour,ORL,47,14.5,0.507,30.1,11.9,15,1.3,10.1,5.6,10.02,-10,-0.3
2015,375,Sean Kilpatrick,MIN,4,18,0.506,14.4,7.2,13.8,1.5,8.2,4.8,9.98,0,0
2015,376,Jordan Farmar,LAC,36,14.7,0.513,25.6,12.2,16.3,1.7,7.1,4.5,9.96,0,0
2015,377,Quincy Pondexter,NO,75,23.9,0.55,14.8,8,13.3,3.4,9,6.2,9.94,-15,-0.5
2015,377,Quincy Pondexter,MEM,75,23.9,0.55,14.8,8,13.3,3.4,9,6.2,9.94,-15,-0.5
2015,378,Jimmer Fredette,NO,50,10.2,0.479,21,11.9,19.2,1.8,7.1,4.5,9.87,-8.6,-0.3
2015,379,Spencer Hawes,LAC,73,17.5,0.478,14.8,10.3,16.7,2.7,19.7,11.4,9.83,-31.9,-1.1
2015,380,Kent Bazemore,ATL,75,17.7,0.52,14.8,13.9,14.3,1.9,16.8,9.6,9.7,-15.8,-0.5
2015,381,Robbie John Hummel,MIN,45,16.5,0.536,11.8,7.8,11.3,4.6,16.4,10.3,9.69,-8.9,-0.3
2015,382,Vince Carter,MEM,66,16.5,0.445,14.3,7.8,18.8,2.8,11.1,7,9.66,-13.6,-0.5
2015,383,Joe Ingles,UTAH,79,21.2,0.533,27.9,15,13.2,1.5,10.5,6,9.64,-21.5,-0.7
2015,384,Troy Daniels,HOU,47,8.4,0.515,10.3,9.4,19.8,0,0,0,9.61,-5.3,-0.2
2015,384,Troy Daniels,MIN,47,8.4,0.515,10.3,9.4,19.8,0,0,0,9.61,-5.3,-0.2
2015,384,Troy Daniels,CHA,47,8.4,0.515,10.3,9.4,19.8,0,0,0,9.61,-5.3,-0.2
2015,385,Pero Antic,ATL,63,16.5,0.508,10.9,10.9,16,6.6,14,10.4,9.57,-29.9,-1
2015,386,Channing Frye,ORL,75,24.9,0.546,13.9,11.6,13.1,1.6,16.4,8.9,9.54,-54.8,-1.8
2015,387,Steve Blake,POR,81,18.9,0.507,39.1,14.1,14.2,1.1,8.3,4.8,9.48,-34.6,-1.2
2015,388,Elton Brand,ATL,36,13.5,0.457,15.2,12.4,10.7,6.8,16.4,11.8,9.42,-15.1,-0.5
2015,389,JaKarr Sampson,PHI,74,15.3,0.498,14.3,14.1,16.9,3.2,12.9,7.8,9.39,-18.7,-0.6
2015,390,Caron Butler,DET,78,20.8,0.544,14.3,8.9,12.4,1.4,12.2,6.6,9.31,-28.8,-1
2015,391,Shabazz Napier,MIA,51,19.8,0.517,28,17.5,15.4,2.1,11.2,6.7,9.28,-26,-0.9
2015,392,Victor Claver,POR,10,7.6,0.6,4,16,12.8,4.3,23.5,14.1,9.27,0,0
2015,393,Markel Brown,BKN,47,16.6,0.459,13,9,14.3,2.3,13,7.7,9.17,-15.5,-0.5
2015,394,Brendan Haywood,CLE,22,5.4,0.49,4.2,21,15.8,5.9,21.9,14,9.11,-2.6,-0.1
2015,395,Andre Roberson,OKC,67,19.2,0.513,20.7,13.6,8.9,5.1,16,10.6,9.09,-27,-0.9
2015,396,Erick Green,DEN,43,9.5,0.436,17.7,6.4,18.5,1.8,6.6,4.1,8.99,-12.3,-0.4
2015,,P.J. Hairston,CHA,45,15.3,0.446,6.4,6.7,18.5,3.4,11.5,7.4,8.99,-15.5,-0.5
2015,398,Dante Cunningham,NO,66,25,0.473,11.2,7.9,10.2,4.8,12.8,8.8,8.97,-62.4,-2.1
2015,399,Lance Stephenson,CHA,61,25.8,0.419,24.8,13.2,20.7,2.7,17.1,9.7,8.87,-38.3,-1.3
2015,400,Ian Clark,DEN,30,6.4,0.483,15,11.3,19.4,2.4,7.2,4.8,8.85,-4.7,-0.2
2015,400,Ian Clark,UTAH,30,6.4,0.483,15,11.3,19.4,2.4,7.2,4.8,8.85,-4.7,-0.2
2015,401,Nazr Mohammed,CHI,23,5.6,0.431,7.3,16.9,12.4,9.6,22.3,16.1,8.77,-3.5,-0.1
2015,402,Elliot Williams,NO,13,9.2,0.477,21.9,7.3,14.7,0,7.7,3.8,8.75,0,0
2015,402,Elliot Williams,UTAH,13,9.2,0.477,21.9,7.3,14.7,0,7.7,3.8,8.75,0,0
2015,403,Jerami Grant,PHI,65,21.2,0.47,13.1,14.1,15.6,3.7,12.3,7.8,8.72,-36.6,-1.2
2015,404,Allen Crabbe,POR,51,13.4,0.525,18.2,7,11,1.1,10.1,5.7,8.7,-18.4,-0.6
2015,405,Danny Granger,MIA,30,20.4,0.527,7.8,10.9,14,4,11.5,7.8,8.66,-16.9,-0.6
2015,406,Steve Novak,OKC,35,5.6,0.554,15.1,6.9,11,1.1,11.2,6.2,8.63,-5.5,-0.2
2015,406,Steve Novak,UTAH,35,5.6,0.554,15.1,6.9,11,1.1,11.2,6.2,8.63,-5.5,-0.2
2015,407,CJ Wilcox,LAC,21,4.8,0.527,14.1,17.6,20.3,1.1,6.6,3.9,8.6,-2.9,-0.1
2015,408,Ryan Kelly,LAL,52,23.7,0.473,19.2,7.7,13.6,1.1,12.4,6.5,8.59,-53.5,-1.8
2015,,Travis Wear,NY,51,13.2,0.451,13.5,11.8,16.4,5.2,13.3,9.1,8.59,-19.2,-0.6
2015,410,Matthew Dellavedova,CLE,67,20.6,0.493,34.7,10.4,13.3,3.1,7.3,5.2,8.56,-40,-1.3
2015,411,James Young,BOS,31,10.7,0.457,9.8,3.8,14.6,2.9,11,6.9,8.51,-9.8,-0.3
2015,412,Kyle Singler,DET,80,21.8,0.512,14,9,13.5,2,10.3,6,8.5,-52,-1.7
2015,412,Kyle Singler,OKC,80,21.8,0.512,14,9,13.5,2,10.3,6,8.5,-52,-1.7
2015,,Alex Kirk,CLE,5,2.8,0.41,17,0,15.1,8.3,0,4.1,8.5,0,0
2015,414,Glenn Robinson III,MIN,35,7.5,0.471,11,11,12.9,6.1,10.6,8.3,8.48,-7.9,-0.3
2015,414,Glenn Robinson III,PHI,35,7.5,0.471,11,11,12.9,6.1,10.6,8.3,8.48,-7.9,-0.3
2015,415,Cleanthony Early,NY,39,16.6,0.447,11.6,12.9,18.2,3.8,13.8,8.7,8.46,-19.7,-0.7
2015,416,Maurice Harkless,ORL,45,15,0.449,11,11.8,12.6,6.3,11.6,8.9,8.42,-20.9,-0.7
2015,417,Jordan Hamilton,LAC,14,8.7,0.543,15.2,8.7,13.5,1.9,12.7,7.4,8.36,-3.9,-0.1
2015,418,Austin Daye,ATL,34,10.1,0.449,9.3,12.5,18.2,3.4,21,12.4,8.29,-11.4,-0.4
2015,418,Austin Daye,SA,34,10.1,0.449,9.3,12.5,18.2,3.4,21,12.4,8.29,-11.4,-0.4
2015,419,Jeffery Taylor,CHA,29,14.8,0.481,12.7,11,14.9,3.5,10.3,6.8,8.26,-14.4,-0.5
2015,420,Malcolm Thomas,PHI,17,11.4,0.492,10.7,19.8,12.3,8.5,23.5,15.6,8.22,0,0
2015,421,Damjan Rudez,IND,68,15.4,0.591,14.2,12.6,13,0.9,4.1,2.5,8.21,-35.7,-1.2
2015,,Zoran Dragic,MIA,16,4.7,0.435,11.8,11.8,19.5,8,4.7,6.3,8.21,-2.6,-0.1
2015,,Zoran Dragic,PHX,16,4.7,0.435,11.8,11.8,19.5,8,4.7,6.3,8.21,-2.6,-0.1
2015,423,Kyle Anderson,SA,33,10.8,0.389,21,7.5,12.8,1.6,20.8,11.4,8.19,-12.4,-0.4
2015,424,Tim Frazier,PHI,11,21.7,0.406,38.7,16.1,18.8,2.6,10.2,6.3,8.11,-10.3,-0.3
2015,424,Tim Frazier,POR,11,21.7,0.406,38.7,16.1,18.8,2.6,10.2,6.3,8.11,-10.3,-0.3
2015,425,Lance Thomas,NY,62,24,0.456,11,11.8,16.5,4.9,10,7.4,8.03,-54.9,-1.8
2015,425,Lance Thomas,OKC,62,24,0.456,11,11.8,16.5,4.9,10,7.4,8.03,-54.9,-1.8
2015,426,Henry Walker,MIA,24,26.2,0.497,12.7,10.5,13.8,1.4,14,7.8,8.02,-23.2,-0.8
2015,427,Willie Green,ORL,52,18.3,0.477,15.6,11,16.5,1.6,7.9,4.7,7.97,-35.9,-1.2
2015,428,Elijah Millsap,UTAH,47,19.7,0.45,14.5,16.7,16.3,3.5,15.2,9.4,7.9,-35.9,-1.2
2015,429,Greg Stiemsma,TOR,17,3.9,0.717,15.2,35.4,10.9,15.7,10.5,13.1,7.87,-2.7,-0.1
2015,430,DeJuan Blair,WSH,29,6.2,0.469,4,17.2,16.4,10.3,24.5,17.5,7.79,-7.5,-0.3
2015,431,Kostas Papanikolaou,HOU,43,18.5,0.444,24.6,15.9,14.1,5.4,10.9,8.2,7.78,-32.3,-1.1
2015,432,Adreian Payne,ATL,32,23.1,0.443,9.5,14,16.6,7.2,18.2,12.5,7.75,-41.4,-1.4
2015,432,Adreian Payne,MIN,32,23.1,0.443,9.5,14,16.6,7.2,18.2,12.5,7.75,-41.4,-1.4
2015,433,Nik Stauskas,SAC,73,15.4,0.492,15.5,9.3,13.5,1.1,7.5,4.4,7.5,-50.5,-1.7
2015,434,Quincy Miller,DET,10,11.9,0.338,14.3,9,16.5,3.7,15,9.3,7.44,-7.2,-0.2
2015,434,Quincy Miller,SAC,10,11.9,0.338,14.3,9,16.5,3.7,15,9.3,7.44,-7.2,-0.2
2015,,Chris Copeland,IND,50,16.6,0.468,11.6,13.4,19.8,3.1,11.7,7.4,7.44,-37.9,-1.3
2015,436,Tyler Ennis,MIL,33,12.5,0.411,27.9,16,20.2,1.9,7.7,4.8,7.37,-22.3,-0.7
2015,436,Tyler Ennis,PHX,33,12.5,0.411,27.9,16,20.2,1.9,7.7,4.8,7.37,-22.3,-0.7
2015,437,Jared Cunningham,LAC,19,4.7,0.452,17.9,12.6,21.9,1.3,9.9,5.7,7.36,0,0
2015,438,Shavlik Randolph,BOS,21,6,0.298,8.5,6.3,19.1,13.8,19.3,16.5,7.2,0,0
2015,438,Shavlik Randolph,PHX,21,6,0.298,8.5,6.3,19.1,13.8,19.3,16.5,7.2,0,0
2015,439,Kendrick Perkins,CLE,68,16.9,0.467,12.5,23.2,16.6,8.7,21.2,15.1,7.03,-61.2,-2
2015,439,Kendrick Perkins,OKC,68,16.9,0.467,12.5,23.2,16.6,8.7,21.2,15.1,7.03,-61.2,-2
2015,440,Perry Jones,OKC,43,14.7,0.459,7.4,9.9,14.3,1,11.7,6.5,6.91,-33.8,-1.1
2015,441,Kirk Hinrich,CHI,66,24.4,0.468,23.7,11.7,13.2,1.4,6.6,4.1,6.82,-88.4,-2.9
2015,442,Darius Morris,BKN,38,7.9,0.377,26.8,11.7,19.9,2.6,7.5,5.1,6.78,-18.8,-0.6
2015,443,Earl Clark,BKN,10,9.3,0.425,7.4,14.7,16.9,1.2,26.5,13.9,6.76,-5.2,-0.2
2015,444,Ricky Ledo,DAL,17,14.4,0.426,12.6,17.3,33.1,7.4,9.7,8.5,6.32,-15.2,-0.5
2015,444,Ricky Ledo,NY,17,14.4,0.426,12.6,17.3,33.1,7.4,9.7,8.5,6.32,-15.2,-0.5
2015,445,Reggie Bullock,LAC,36,9.4,0.466,8.9,8.9,9.7,0.3,16,8.3,6.21,-21.6,-0.7
2015,445,Reggie Bullock,PHX,36,9.4,0.466,8.9,8.9,9.7,0.3,16,8.3,6.21,-21.6,-0.7
2015,446,Gerald Wallace,BOS,32,8.9,0.431,15.8,25.9,8.5,6.4,15.5,10.9,6.18,-18.4,-0.6
2015,447,Doug McDermott,CHI,36,8.9,0.48,4.4,12.4,16.7,2.1,12.2,7.3,6.16,-20.8,-0.7
2015,448,Martell Webster,WSH,32,11,0.445,10.7,13.9,16.7,3.3,11.3,7.4,5.92,-24.1,-0.8
2015,449,Devyn Marble,ORL,16,13,0.362,22.1,11.7,12.7,2.7,14.4,8.4,5.87,-14.4,-0.5
2015,450,Will Cherry,CLE,8,8.6,0.347,23.8,11.9,16.7,1.7,6.6,4.2,5.85,0,0
2015,451,Dante Exum,UTAH,82,22.2,0.457,26.5,15.8,14,1.7,6.6,4.2,5.7,-130.3,-4.3
2015,452,Joe Harris,CLE,51,9.7,0.537,14.5,15,13.4,1.7,7.8,4.8,5.62,-35.9,-1.2
2015,453,Lucas Nogueira,TOR,6,3.8,0.307,7.8,15.7,21.2,10,45.1,27.6,5.24,-1.8,-0.1
2015,454,Russ Smith,NO,12,5.4,0.488,15.8,23.7,25,1.8,8.7,5.3,5.21,-5.6,-0.2
2015,454,Russ Smith,MEM,12,5.4,0.488,15.8,23.7,25,1.8,8.7,5.3,5.21,-5.6,-0.2
2015,455,John Salmons,NO,21,12.9,0.422,19.2,7.4,9,1.7,7.1,4.4,5.13,0,0
2015,456,Earl Barron,PHX,16,8.9,0.361,9.2,9.2,13.9,10.6,10.8,10.7,5.04,-13.8,-0.5
2015,457,Gary Harris,DEN,55,13.1,0.395,9.5,12.5,15.5,3,6.7,4.8,4.98,-59.3,-2
2015,458,Xavier Henry,LAL,9,9.6,0.424,10.1,10.1,12.8,2.5,2.7,2.6,4.93,0,0
2015,459,Jamaal Franklin,DEN,3,4.3,0.75,37.5,37.5,18,8,8.6,8.3,4.92,-1.1,0
2015,460,Will Bynum,WSH,7,9.6,0.336,30.6,13.6,28,3.4,6.6,5,4.88,-6.1,-0.2
2015,461,Nick Johnson,HOU,28,9.4,0.43,9.5,16.4,16.1,5.5,10.9,8.2,4.79,-22.3,-0.7
2015,462,Jerrelle Benimon,UTAH,2,1.5,0,0,100,13.8,38.7,76.6,57.8,4.66,0,0
2015,463,Mike Miller,CLE,52,13.5,0.471,24.9,12.4,8.9,0.7,14,7.4,4.64,-61.4,-2
2015,464,Nate Wolters,NO,21,11.8,0.352,22.4,13.9,15.9,3.7,11.9,7.9,4.63,0,0
2015,464,Nate Wolters,MIL,21,11.8,0.352,22.4,13.9,15.9,3.7,11.9,7.9,4.63,0,0
2015,465,Larry Drew II,PHI,12,18.3,0.388,34.8,19.3,17.8,0.5,7.3,3.7,4.52,0,0
2015,466,Shannon Brown,MIA,5,17.8,0.482,10.8,14.4,12,0,1.3,0.7,4.43,0,0
2015,467,Ronny Turiaf,MIN,2,9.5,0,100,0,1.4,0,6.2,3,4.33,0,0
2015,468,Vander Blue,LAL,2,37,0.342,17.3,13,22.1,2.9,10.9,6.7,4.04,-7.1,-0.2
2015,469,Johnny O'Bryant III,MIL,34,10.8,0.379,9.8,14.4,17.6,8.2,11.7,10,3.82,-42.2,-1.4
2015,470,Drew Gordon,PHI,9,7.9,0.428,6.7,26.8,15.8,10.2,17.7,13.7,3.73,0,0
2015,471,Francisco Garcia,HOU,14,14.3,0.347,16.7,11.1,15.5,1.7,7.7,4.7,3.62,0,0
2015,472,Miroslav Raduljica,MIN,5,4.6,0.45,0,18.4,18.8,9.7,15.4,12.4,3.39,0,0
2015,473,Chris Douglas-Roberts,LAC,12,8.6,0.387,14,0,10,1.1,11.8,6.6,3.31,0,0
2015,474,Andrei Kirilenko,BKN,7,5.1,0.222,11.4,11.4,9.1,6.2,18.6,12.5,2.79,0,0
2015,475,David Wear,SAC,2,3.5,0,33.3,0,13.1,33.6,0,16.2,2.42,0,0
2015,476,Cameron Bairstow,CHI,18,3.6,0.309,5,14.9,12.3,10.5,3.3,6.8,2.1,-9,-0.3
2015,477,Dahntay Jones,LAC,33,3.7,0.406,6.9,3.5,8.9,0.9,9,5,1.9,-15.8,-0.5
2015,478,Cartier Martin,DET,23,8.6,0.34,15.9,7.2,12.6,0,11.4,5.5,1.62,-29.2,-1
2015,479,Grant Jerrett,OKC,8,6.4,0.303,9.2,9.2,30.3,4.4,15.1,9.8,1.57,-7.6,-0.3
2015,479,Grant Jerrett,UTAH,8,6.4,0.303,9.2,9.2,30.3,4.4,15.1,9.8,1.57,-7.6,-0.3
2015,480,Jerel McNeal,PHX,6,6,0.379,10.6,26.5,19,0,9.2,4.6,1.24,-5,-0.2
2015,481,Toure' Murry,UTAH,5,3.6,0.51,9.2,36.8,41.5,6.4,0,3.1,1.14,0,0
2015,481,Toure' Murry,WSH,5,3.6,0.51,9.2,36.8,41.5,6.4,0,3.1,1.14,0,0
2015,482,Brandon Rush,GS,33,8.2,0.255,14.7,13.4,10.4,1.6,14.3,8.2,0.8,-39.2,-1.3
2015,483,Gal Mekel,NO,4,10.8,0.15,37.1,5.7,25.2,0,2.6,1.3,0.56,0,0
2015,484,Kalin Lucas,MEM,1,6,0,0,0,6.8,0,0,0,-0.68,0,0
2015,485,Bruno Caboclo,TOR,8,2.9,0.417,0,25,28.1,5,5,5,-1.78,-4.2,-0.1
2015,486,Patrick Christopher,UTAH,4,7.3,0.25,0,7.7,18.6,8,15.9,12,-2.55,0,0
2015,487,Glen Rice Jr.,WSH,5,8.6,0.312,9.2,9.2,19,5.4,5.1,5.2,-3.55,0,0
2015,488,Andre Dawkins,MIA,4,5.5,0.25,12.5,12.5,13.8,0,10.7,5.5,-4.99,0,0
2015,489,Darius Miller,NO,5,8.6,0.143,20,10,8.3,0,2.6,1.3,-5.06,0,0
2015,490,Julius Randle,LAL,1,14,0.258,0,20.5,13.9,0,0,0,-7.5,-4,-0.1
2015,491,Seth Curry,PHX,2,4,0,25,0,16.3,0,27.7,13.7,-11.45,0,0
2015,492,Malcolm Lee,PHI,1,2,0,0,0,19.6,0,0,0,-19.68,0,0
